EMPLOYEE_ID,FIRST_NAME,LAST_NAME,EMAIL,PHONE_NUMBER,HIRE_DATE,SALARY,DEPARTMENT_ID,COUNTRY_ID
1101,Asif ,Mahbub,am@gmail.com,1717235890,2021-04-11,91000,IT007,BAN101
1102,Mahbub ,Rahman,mr@gmail.com,1117235890,2022-02-11,45000,AC006,AUS667
1103,Mr ,X,E011,1417235890,2022-01-11,71000,AC023,BH106
1104,Ms Y,Yesmin,yesmin@gmail.com,1731235890,2022-04-10,85000,BA031,IND102
1105,Ms Z ,Zasmin,zm@gmail.com,1217235890,2022-01-01,85000,EM015,NP105
1106,Mr geon ,Hasib,zh@gmail.com,1117235890,2022-02-21,85000,HR001,PAK103
1107,Rafi ,Mahbub,am@gmail.com,1751235890,2022-01-13,85000,MD003,SA789
1108,Tamal,Islam,am@gmail.com,1734235890,2022-01-11,85000,MKT011,SRL104
1109,Shoaib,Akhter,sak@gmail.com,1764235890,2022-02-21,85000,SD009,UK999
1110,Shuvo,Rahman,sr@gmail.com,1137235890,2022-03-21,85000,SD017,US777
